Id,Name,Birthdate,Rating,Åxperience
1,Wpkx Ddzvbjgufk,19610215,81,19
2,Hiat Ciicrqbvjp,19730525,24,10
3,Nxbgl Jvinvgcjv,19700211,77,21
4,Wgxxghf Sljrhim,19440423,8,42
5,Fpo Tmitljpgds,19710420,95,18
6,Fzpkmz Zdamrtdr,19890610,94,19
7,Bwc Wgkskk,19860425,13,39
8,Xsylgd Uzxqhdca,19830517,44,37
9,Dpjuqal Baekfzz,19360925,81,31
10,Cpoxvc Awmpbctj,19680724,13,21
11,Npbdn Obxpopxl,19470816,51,10
12,Iieokpm Xeepglxna,19480811,85,50
13,Ryy Nofrjh,19900613,28,1
14,Vwkimtk Snqzgyfo,19960724,7,27
15,Dbfkot Xnrdhylx,19360520,69,15
16,Snbnyb Mjxdre,19900821,82,31
17,Pztop Tvuhmeh,19830319,58,4
18,Nxqpuro Qrgtsuxicz,19960420,23,27
19,Yojdjkf Qqafzfxhh,19700913,90,50
20,Vhvj Sxiswzxoip,19660416,58,37
21,Gvunrq Drkwi,19920524,41,21
22,Iegiihc Lgywylkec,19290914,62,29
23,Elddhk Dqesqyx,19730519,75,15
24,Qdxggr Hywjpjdeyb,19610412,34,7
25,Zqp Pdmjdbp,19610818,49,36
26,Fln Jjbcaqyye,19360418,78,26
27,Sdex Vnddoyr,19470612,44,18
28,Yvatnme Jmfyd,19760420,44,31
29,Ihawhlp Ixcdww,19350223,89,36
30,Bftgt Grijag,19570115,82,21
31,Jeonvrc Yqqhfaouw,19990620,62,12
32,Jrsogpd Fxkwkkam,19380121,78,37
33,Xyuv Ksneyndtr,19880622,39,13
34,Aks Hmcxzhe,19890223,35,8
35,Uavhhdf Fkxhlbywax,19310623,28,18
36,Ylb Egmfdndw,19880523,91,50
37,Nsko Zooulwm,19520720,23,44
38,Nfijgj Vfhudd,19450320,85,35
39,Fbtsmuh Hbunpqf,19730712,47,40
40,Xvcj Ccojwytdsb,19600313,36,28
41,Wsx Rrcwmgiec,19510419,60,16
42,Sfiy Hxowageq,19580224,80,40
43,Fcfca Ysdncf,19390722,30,4
44,Tibgcz Qtoimxgur,20000624,69,20
45,Lhs Hczmf,19450722,34,38
46,Bioesu Wfhnk,19590324,60,26
47,Ugfqwtc Jmkstkdu,19800920,87,41
48,Dyxq Ecwywr,19280117,33,46
49,Fhvedee Fkiax,19620715,86,3
50,Mdw Iygtsd,19630825,74,19
51,Yxiz Gffzb,19630316,4,37
52,Wxqxp Ojiysmtqyn,19510921,3,46
53,Kxpcm Eoanwz,19820412,29,15
54,Sloxri Wsrbeuq,19320221,1,29
55,Skack Usyfpn,19800519,68,18
56,Yqaezf Sgyjpuf,19870211,30,40
57,Ahicz Lluxlzv,19730418,51,14
58,Zlofr Fkuoa,19460816,40,4
59,Bksuxqq Lahvjrihrr,19660514,18,26
60,Nfiqf Migiht,20000825,50,29
61,Xgrb Hvdbjm,19570922,1,43
62,Uamodc Rbbfymi,19870410,78,18
63,Fbygwzx Rxzygw,19960619,23,42
64,Jgtu Rhodmsfx,19710315,66,10
65,Llrwo Mvylao,19760413,16,49
66,Xosccqm Blnuleqak,19870119,41,37
67,Yvmkfr Suientdnks,19600824,89,50
68,Elohv Eubmnurir,19540810,98,46
69,Ssfi Mwlncyccp,19320924,85,39
70,Szf Aqpoplun,19880717,56,31
71,Sunkgw Kuxwqmsgf,19510720,25,35
72,Hdeget Itnti,19370219,86,48
73,Enp Hujrid,19390719,52,45
74,Yumqz Kwtvtccz,19430725,23,10
75,Lixmqwj Gehpfggvs,19300312,100,21
76,Ycv Wlatvb,19710410,90,49
77,Zhwdgcw Ozesc,19610520,35,38
78,Acf Kozsm,19410614,18,50
79,Bskwyq Odxnhup,19360214,77,33
80,Jrr Jozqvj,19450720,79,26
81,Howx Ewjuzey,19540316,64,13
82,Oizdswu Widir,19720517,82,10
83,Jtfs Roieibkf,19600316,76,11
84,Jyvpp Vmztejjfcx,19820917,98,22
85,Tqgchhj Dgmtanrqq,19530120,30,5
86,Idp Zpgpina,19300518,49,4
87,Hskjrs Xvykdil,19470624,7,9
88,Jbizx Exkexymol,19310812,31,18
89,Cmjcsza Eahhkp,19660818,16,43
90,Sygjn Flwfgirdqn,19310418,67,19
91,Qprz Ahaliswvoq,19870418,79,34
92,Ntlh Gcfqaay,19610518,7,31
93,Ntjwe Dmussnzo,19880124,93,4
94,Eesaopk Rgbalc,20000912,35,6
95,Yheltp Xequgy,19320923,68,4
96,Wtcyp Wueycd,19420124,10,42
97,Iprh Hygfnuyvr,19960321,44,28
98,Efc Yhnhnep,19640522,20,42
99,Mzkz Qugmhc,19330222,9,4
100,Vmggns Qxuythh,19730425,11,11
